cat,index
trades services,0
labourers,1
it,2
testing,3
education,4
tutoring training,5
technicians,6
business systems analysts,7
construction roading,8
machine operators,9
accounting,10
accountants,11
financial accounting reporting,12
electrical,13
hospitality tourism,14
chefs,15
architecture,16
architects,17
kitchen staff,18
bar staff baristas,19
manufacturing operations,20
machine operation,21
healthcare,22
caregiving,23
roofing,24
pharmacy,25
painting,26
community social services,27
transport logistics,28
operations,29
office administration,30
administration,31
health safety,32
building carpentry,33
agriculture fishing forestry,34
farming,35
process assembly,36
government council,37
central government,38
management,39
marketing media communications,40
digital marketing,41
management accountants,42
drivers couriers,43
truck ht,44
service desk,45
primary,46
engineering,47
project management,48
psychology counselling,49
banking finance insurance,50
insurance,51
boilermakers welders,52
site management,53
customer service,54
call centre,55
security,56
sales,57
sales managers,58
automotive,59
automotive technician,60
reception,61
brand product management,62
horticulture,63
storepersons warehousing,64
programming development,65
labouring,66
nursing midwifery,67
womens health,68
early childhood,69
supervisors forepersons,70
retail,71
retail assistants,72
executive general management,73
sales operations parts,74
surgical,75
hr recruitment,76
hr,77
marketing assistants coordinators,78
communications pr,79
veterinary,80
warehouse distribution,81
surveying,82
industrial,83
sales reps,84
fitness wellbeing,85
cleaning,86
business advisory services,87
recruitment,88
mental health,89
building services,90
quantity surveying,91
butchers bakers,92
property,93
residential sales management,94
waiting staff,95
medical,96
science technology,97
diesel mechanic,98
facilities commercial property management,99
handy-persons,100
project contracts management,101
merchandising,102
civil structural,103
gardening landscaping,104
customer-facing,105
dentistry,106
occupational therapy,107
maintenance,108
local regional council,109
theatre recovery,110
doctors specialists,111
sales pre-sales,112
accounts administrators,113
plumbing,114
assistant store managers,115
networking storage,116
telecommunications,117
legal,118
secretarial,119
quality assurance,120
drafting,121
estimation,122
mechanical,123
systems engineers,124
advertising,125
interior design,126
tellers branch staff,127
finance managers controllers,128
business development manager,129
hairdressing,130
sign writers,131
secondary,132
couriers,133
store managers,134
freight forwarders,135
database,136
private practice,137
office management,138
payroll,139
supply chain planning,140
financial planning investment,141
department managers,142
traffic management,143
housekeeping,144
forestry,145
data entry,146
water waste,147
sales support,148
assistant accountants,149
audit,150
analysts,151
air con refrigeration,152
radiography sonography,153
in-house counsel,154
community primary care,155
fishing,156
panel paint,157
telesales,158
risk compliance,159
tertiary,160
critical care emergency,161
market research analysis,162
tourism tour guides,163
planning,164
ea pa secretarial,165
import export,166
geotechnical,167
web design,168
credit lending,169
fitters machining,170
functional consultants,171
accounts payable,172
glaziers,173
accounts receivable,174
account management,175
data warehousing bi,176
area managers,177
travel consultants,178
beautician,179
paediatrics,180
purchasing inventory,181
flooring,182
corporate institutional banking,183
au pairs nannies,184
general / ca,185
design,186
boat building,187
defence,188
reception front desk,189
direct marketing,190
client services,191
training,192
energy,193
commercial sales leasing,194
buying,195
printing,196
tax,197
journalism,198
consultancy valuation,199
environmental,200
